Gene1	Gene2	Correlation	source
AT1G01250	AT4G02290	0.660341087050922	GENIE&WGCNA
AT5G60690	AT5G10770	0.649114284845158	GENIE&WGCNA
AT1G01250	AT1G32100	0.643223274026432	GENIE&WGCNA
AT2G46590	AT2G36570	0.642216372468149	GENIE&WGCNA
AT1G62990	AT1G62480	0.641978533346385	GENIE&WGCNA
AT5G60690	AT5G48460	0.636671382946221	GENIE&WGCNA
AT4G37650	AT5G22940	0.629953488078109	GENIE&WGCNA
AT1G62990	AT1G66960	0.627703246714768	GENIE&WGCNA
AT5G60690	AT3G01670	0.6266957209653	GENIE&WGCNA
AT1G69580	AT1G70710	0.6232937252944	GENIE&WGCNA
AT4G37650	AT2G14890	0.623270829819198	GENIE&WGCNA
AT1G62990	AT5G10770	0.622354759327931	GENIE&WGCNA
AT3G61950	AT3G62020	0.621954070474505	GENIE&WGCNA
AT2G46590	AT5G66170	0.621192587235644	GENIE&WGCNA
AT4G37650	AT5G16720	0.621023341826076	GENIE&WGCNA
AT1G52150	AT4G10840	0.619279983560917	GENIE&WGCNA
AT4G37650	AT3G21190	0.614912215296261	GENIE&WGCNA
AT5G05790	AT5G03150	0.614310013567208	GENIE&WGCNA
AT2G46590	AT2G16890	0.613548581630663	GENIE&WGCNA
AT1G62990	AT2G17710	0.611880065850332	GENIE&WGCNA
AT5G60690	AT5G48500	0.60912680801219	GENIE&WGCNA
AT1G69780	AT3G14560	0.609124313195976	GENIE&WGCNA
AT5G05790	AT5G17420	0.606006059824609	GENIE&WGCNA
AT2G46590	AT1G02335	0.604796767143334	GENIE&WGCNA
AT4G37650	AT3G20570	0.604207922180433	GENIE&WGCNA
AT1G69580	AT4G00230	0.603412436880967	GENIE&WGCNA
AT1G69580	AT3G59330	0.60138423297194	GENIE&WGCNA
AT2G46590	AT1G61260	0.597293505256771	GENIE&WGCNA
AT5G03150	AT4G01440	0.59360182951406	GENIE&WGCNA
AT5G60690	AT1G80280	0.58679587096212	GENIE&WGCNA
AT1G69780	AT3G12610	0.585844717197299	GENIE&WGCNA
AT5G16600	AT5G60020	0.585528712772095	GENIE&WGCNA
AT1G68130	AT1G23460	0.58550199073862	GENIE&WGCNA
AT5G05790	AT3G61950	0.585391187559862	GENIE&WGCNA
AT1G69580	AT3G61490	0.585299290381435	GENIE&WGCNA
AT4G09460	AT1G79620	0.584655375433121	GENIE&WGCNA
AT5G03150	AT4G32710	0.584532015981932	GENIE&WGCNA
AT1G27370	AT5G60690	0.581567925199335	GENIE&WGCNA
AT5G60690	AT5G20510	0.579882591278358	GENIE&WGCNA
AT1G68130	AT1G20850	0.578726119572271	GENIE&WGCNA
AT1G68130	AT2G40480	0.578561986895193	GENIE&WGCNA
AT4G37650	AT1G27370	0.575755310891367	GENIE&WGCNA
AT3G61950	AT4G16120	0.574072040838109	GENIE&WGCNA
AT1G27370	AT5G03260	0.573955224237472	GENIE&WGCNA
AT1G27370	AT5G60020	0.570750753205786	GENIE&WGCNA
AT1G62990	AT4G13710	0.56995151894388	GENIE&WGCNA
AT4G09460	AT2G14890	0.569267651106667	GENIE&WGCNA
AT1G69580	AT5G24570	0.568916555790635	GENIE&WGCNA
AT5G60690	AT4G29100	0.568821481099874	GENIE&WGCNA
AT1G30330	AT5G66920	0.568668261739542	GENIE&WGCNA
AT4G09460	AT1G28400	0.567817415285504	GENIE&WGCNA
AT3G06590	AT5G39320	0.567209521132551	GENIE&WGCNA
AT1G62990	AT2G24630	0.566696846775338	GENIE&WGCNA
AT1G69780	AT1G69910	0.564612479254828	GENIE&WGCNA
AT1G52150	AT2G42200	0.563697901163551	GENIE&WGCNA
AT4G01120	AT1G79620	0.563610735139979	GENIE&WGCNA
AT3G61950	AT1G64390	0.563000206214496	GENIE&WGCNA
AT2G46590	AT3G45160	0.562873212891297	GENIE&WGCNA
AT5G16600	AT2G04780	0.56039651578373	GENIE&WGCNA
AT4G09460	AT4G38400	0.559067429497979	GENIE&WGCNA
AT3G61950	AT4G30020	0.559048309485228	GENIE&WGCNA
AT1G69690	AT3G10570	0.558405426521015	GENIE&WGCNA
AT5G60690	AT3G17360	0.557557703463239	GENIE&WGCNA
AT1G52150	AT1G12450	0.556873481734458	GENIE&WGCNA
AT3G04670	AT1G52150	0.556700719918215	GENIE&WGCNA
AT1G69690	AT3G57010	0.556187970177517	GENIE&WGCNA
AT1G69780	AT5G13820	0.555897406804084	GENIE&WGCNA
AT5G03150	AT4G34560	0.555493584559775	GENIE&WGCNA
AT1G69580	AT3G46490	0.55545628963367	GENIE&WGCNA
AT5G60690	AT5G51890	0.554858865912199	GENIE&WGCNA
AT4G09460	AT1G66960	0.554782362066021	GENIE&WGCNA
AT5G05790	AT3G23090	0.554675504572074	GENIE&WGCNA
AT4G29100	AT4G29080	0.554304249505053	GENIE&WGCNA
AT1G69780	AT3G06420	0.554108715349611	GENIE&WGCNA
AT3G07340	AT3G55420	0.553501692323128	GENIE&WGCNA
AT1G30330	AT3G23730	0.553009520831147	GENIE&WGCNA
AT1G69780	AT1G29240	0.551898670451448	GENIE&WGCNA
AT1G69690	AT3G01750	0.551261381551765	GENIE&WGCNA
AT1G69580	AT3G11760	0.549300527315739	GENIE&WGCNA
AT3G06590	AT2G24630	0.548958971614475	GENIE&WGCNA
AT3G61950	AT5G51350	0.548838617319003	GENIE&WGCNA
AT1G62990	AT3G55110	0.54762474306065	GENIE&WGCNA
AT1G69690	AT5G15580	0.546421186378998	GENIE&WGCNA
AT1G52150	AT3G01680	0.544853644529819	GENIE&WGCNA
AT1G69580	AT3G02700	0.541904556229817	GENIE&WGCNA
AT5G37020	AT1G28400	0.540928646076129	GENIE&WGCNA
AT1G69690	AT2G40320	0.540208384620639	GENIE&WGCNA
AT2G46590	AT1G08510	0.539535817874845	GENIE&WGCNA
AT1G01250	AT4G09160	0.536682081655973	GENIE&WGCNA
AT2G42200	AT1G77690	0.536631180740795	GENIE&WGCNA
AT3G51910	AT1G30070	0.535443843502702	GENIE&WGCNA
AT1G69580	AT2G16650	0.535368497381005	GENIE&WGCNA
AT4G37650	AT5G14370	0.53388294222478	GENIE&WGCNA
AT3G61950	AT2G22470	0.533533476075133	GENIE&WGCNA
AT1G69580	AT1G70370	0.532273579706376	GENIE&WGCNA
AT1G52150	AT1G54180	0.528655920802569	GENIE&WGCNA
AT1G30330	AT2G47160	0.527727736076272	GENIE&WGCNA
AT1G69690	AT1G08160	0.527418401292558	GENIE&WGCNA
AT1G69580	AT4G14750	0.526848952252154	GENIE&WGCNA
AT4G38620	AT4G03190	0.524614758256845	GENIE&WGCNA
AT2G26150	AT5G47830	0.524561088375153	GENIE&WGCNA
AT2G26150	AT5G09590	0.524527781944326	GENIE&WGCNA
AT5G60690	AT4G38620	0.52408809858075	GENIE&WGCNA
AT4G09460	AT2G45220	0.522555649868347	GENIE&WGCNA
AT1G52150	AT4G27240	0.521605586862591	GENIE&WGCNA
AT3G04670	AT1G78970	0.518588006103744	GENIE&WGCNA
AT1G69780	AT4G27240	0.518124493444816	GENIE&WGCNA
AT5G65310	AT2G47240	0.51782701832623	GENIE&WGCNA
AT5G60200	AT3G18660	0.516897198719271	GENIE&WGCNA
AT5G60690	AT5G61190	0.513967496132985	GENIE&WGCNA
AT4G27240	AT3G50630	0.513422686720057	GENIE&WGCNA
AT1G69690	AT5G23860	0.513336800383597	GENIE&WGCNA
AT4G38620	AT1G52750	0.511356345058089	GENIE&WGCNA
AT3G51910	AT5G25450	0.511018990561427	GENIE&WGCNA
AT2G26150	AT3G51910	0.510825559329286	GENIE&WGCNA
AT1G30330	AT1G55610	0.510780007371448	GENIE&WGCNA
AT2G26150	AT5G25450	0.510288884187905	GENIE&WGCNA
AT4G27240	AT1G12780	0.509668797460044	GENIE&WGCNA
AT2G42200	AT1G30330	0.509019738457918	GENIE&WGCNA
AT1G69780	AT1G70690	0.508393234846963	GENIE&WGCNA
AT3G51910	AT3G12050	0.506561405173884	GENIE&WGCNA
AT3G61950	AT1G54180	0.50381311965272	GENIE&WGCNA
AT3G51910	AT1G54050	0.503371327355206	GENIE&WGCNA
AT2G26150	AT3G12050	0.503322030460182	GENIE&WGCNA
AT1G69690	AT1G17745	0.502785268369127	GENIE&WGCNA
AT5G60690	AT2G12462	0.502708253435932	GENIE&WGCNA
AT1G30330	AT5G58520	0.502525067047574	GENIE&WGCNA
AT1G30330	AT5G26850	0.501961664384118	GENIE&WGCNA
AT5G60690	AT3G23430	0.501717783770695	GENIE&WGCNA
AT1G30330	AT1G10640	0.501491218793743	GENIE&WGCNA
AT1G30330	AT4G25260	0.501407900474548	GENIE&WGCNA
AT1G28310	AT1G33800	0.501126881668251	GENIE&WGCNA
AT2G26150	AT1G55300	0.500336630819187	GENIE&WGCNA
AT1G30330	AT1G15810	0.499112465612576	GENIE&WGCNA
AT2G26150	AT1G54050	0.49896664830411	GENIE&WGCNA
AT1G30330	AT4G18670	0.498865134598178	GENIE&WGCNA
AT5G65310	AT4G22010	0.498542786096078	GENIE&WGCNA
AT1G30330	AT3G26700	0.49793359774527	GENIE&WGCNA
AT4G34590	AT3G52900	0.497615702031593	GENIE&WGCNA
AT5G43270	AT1G52150	0.497416686663631	GENIE&WGCNA
AT2G26150	AT3G16050	0.497385844946844	GENIE&WGCNA
AT4G34590	AT3G23730	0.497257257894215	GENIE&WGCNA
AT1G30330	AT5G15780	0.496932465926145	GENIE&WGCNA
AT5G60200	AT3G59010	0.496799463191427	GENIE&WGCNA
AT2G26150	AT2G25140	0.496331816618978	GENIE&WGCNA
AT5G65310	AT1G33800	0.496085276409308	GENIE&WGCNA
AT2G26150	AT1G66080	0.494017248301995	GENIE&WGCNA
AT2G42200	AT3G07540	0.493612991448079	GENIE&WGCNA
AT2G26150	AT3G24500	0.49346657377966	GENIE&WGCNA
AT4G36990	AT5G54165	0.493118594532671	GENIE&WGCNA
AT1G30330	AT3G54930	0.493090545602007	GENIE&WGCNA
AT3G51910	AT4G15420	0.492468651006572	GENIE&WGCNA
AT4G37650	AT5G61420	0.492425824592658	GENIE&WGCNA
AT2G42200	AT2G31110	0.492001024476245	GENIE&WGCNA
AT2G26150	AT2G46240	0.491468866804497	GENIE&WGCNA
AT2G26150	AT2G20560	0.490886127945676	GENIE&WGCNA
AT1G69780	AT4G09890	0.49036438729906	GENIE&WGCNA
AT4G34590	AT5G57685	0.490021708870406	GENIE&WGCNA
AT4G34590	AT1G25530	0.489943594562557	GENIE&WGCNA
AT5G23280	AT4G27435	0.489791790887085	GENIE&WGCNA
AT1G30330	AT1G52140	0.489735520226256	GENIE&WGCNA
AT2G26150	AT1G74310	0.489176291742712	GENIE&WGCNA
AT5G65310	AT5G06610	0.48819026432925	GENIE&WGCNA
AT5G60690	AT5G65000	0.487481322234469	GENIE&WGCNA
AT1G62990	AT4G34590	0.486513108645803	GENIE&WGCNA
AT1G69690	AT5G55480	0.486457024441727	GENIE&WGCNA
AT5G65310	AT4G37650	0.486156916909313	GENIE&WGCNA
AT5G43270	AT3G12110	0.485872046241254	GENIE&WGCNA
AT4G01120	AT5G19780	0.483606930121274	GENIE&WGCNA
AT1G28310	AT3G17100	0.483347776997447	GENIE&WGCNA
AT5G60690	AT1G07670	0.482943088822538	GENIE&WGCNA
AT5G60200	AT5G22740	0.482754672226608	GENIE&WGCNA
AT1G28310	AT2G21140	0.482174195771838	GENIE&WGCNA
AT1G30330	AT3G53380	0.481865270243863	GENIE&WGCNA
AT1G69780	AT4G19420	0.481602294295815	GENIE&WGCNA
AT5G05790	AT4G29100	0.481378023909438	GENIE&WGCNA
AT5G60200	AT1G12080	0.480380810007648	GENIE&WGCNA
AT3G57800	AT5G23870	0.480319460083758	GENIE&WGCNA
AT3G61950	AT1G07670	0.479851289559045	GENIE&WGCNA
AT5G60690	AT2G36200	0.47888509947443	GENIE&WGCNA
AT1G69780	AT5G45940	0.478500782299597	GENIE&WGCNA
AT5G60690	AT5G65630	0.478273721230317	GENIE&WGCNA
AT5G65310	AT5G62500	0.477515882121563	GENIE&WGCNA
AT5G03150	AT1G14790	0.476824541104365	GENIE&WGCNA
AT1G69580	AT1G11303	0.476136267049883	GENIE&WGCNA
AT4G37650	AT2G44730	0.476020617330036	GENIE&WGCNA
AT2G26150	AT2G27580	0.475437833663303	GENIE&WGCNA
AT4G01120	AT5G05790	0.475278438212914	GENIE&WGCNA
AT1G69780	AT3G51895	0.475162335454112	GENIE&WGCNA
AT5G60690	AT1G07090	0.474869646824586	GENIE&WGCNA
AT2G02820	AT3G45850	0.474386103582001	GENIE&WGCNA
AT5G43270	AT3G61750	0.473734953543452	GENIE&WGCNA
AT1G30330	AT2G36200	0.473399984994755	GENIE&WGCNA
AT4G36990	AT5G37670	0.473135080142315	GENIE&WGCNA
AT4G34590	AT1G04680	0.472118519750595	GENIE&WGCNA
AT4G38620	AT2G17710	0.471749446813587	GENIE&WGCNA
AT2G26150	AT3G08970	0.470963325625518	GENIE&WGCNA
AT2G44730	AT4G22160	0.468663200746599	GENIE&WGCNA
AT1G69780	AT1G72830	0.468243768208799	GENIE&WGCNA
AT2G26150	AT1G12060	0.467736860559889	GENIE&WGCNA
AT3G51910	AT3G08970	0.466671875087123	GENIE&WGCNA
AT1G27370	AT2G20100	0.466132627197204	GENIE&WGCNA
AT1G69690	AT5G15530	0.465218745415414	GENIE&WGCNA
AT5G37020	AT4G13540	0.464875203058214	GENIE&WGCNA
AT1G01250	AT1G69910	0.464623414595227	GENIE&WGCNA
AT2G26150	AT5G56010	0.464365855205563	GENIE&WGCNA
AT5G60690	AT4G33400	0.463668615498113	GENIE&WGCNA
AT5G43270	AT3G06590	0.463625623752808	GENIE&WGCNA
AT2G44730	AT2G36570	0.461747310996232	GENIE&WGCNA
AT2G35700	AT4G06744	0.461460327231105	GENIE&WGCNA
AT1G20640	AT1G67360	0.461288946343988	GENIE&WGCNA
AT2G26150	AT5G37670	0.461208937205221	GENIE&WGCNA
AT5G37020	AT3G13520	0.461078603433681	GENIE&WGCNA
AT3G51910	AT3G07090	0.461077671679103	GENIE&WGCNA
AT3G61950	AT3G12860	0.460831091330515	GENIE&WGCNA
AT2G26150	AT1G18330	0.460800172617333	GENIE&WGCNA
AT3G58120	AT1G33700	0.459850249849486	GENIE&WGCNA
AT2G26150	AT3G07090	0.459373294757717	GENIE&WGCNA
AT3G51910	AT2G19310	0.458708870525187	GENIE&WGCNA
AT1G68130	AT1G27370	0.45841180961698	GENIE&WGCNA
AT2G02820	AT5G61200	0.457145503595622	GENIE&WGCNA
AT2G26150	AT5G64510	0.456306588668656	GENIE&WGCNA
AT5G60690	AT5G60210	0.456265261973714	GENIE&WGCNA
AT2G46510	AT1G69370	0.456133665322868	GENIE&WGCNA
AT2G46510	AT1G72520	0.455866899515702	GENIE&WGCNA
AT5G60200	AT2G24762	0.455694231550772	GENIE&WGCNA
AT3G51910	AT1G55300	0.454711722773113	GENIE&WGCNA
AT1G14350	AT5G15580	0.454370145812872	GENIE&WGCNA
AT2G26150	AT2G19310	0.454143699339177	GENIE&WGCNA
AT3G57800	AT5G24580	0.453610884083595	GENIE&WGCNA
AT1G28310	AT4G34760	0.453337639767554	GENIE&WGCNA
AT2G46510	AT1G76380	0.453049200260857	GENIE&WGCNA
AT5G60200	AT5G15530	0.452731685458219	GENIE&WGCNA
AT4G27240	AT1G12320	0.451487645620526	GENIE&WGCNA
AT5G60690	AT4G21270	0.451210477648837	GENIE&WGCNA
AT3G51910	AT1G66080	0.450736800434778	GENIE&WGCNA
AT1G69780	AT3G63000	0.450210333377542	GENIE&WGCNA
AT5G61420	AT3G55710	0.450162298295557	GENIE&WGCNA
AT1G30330	AT4G33400	0.449490124337816	GENIE&WGCNA
AT4G27240	AT2G24762	0.44877759762909	GENIE&WGCNA
AT2G26150	AT1G17870	0.448295476465405	GENIE&WGCNA
AT3G51910	AT4G23570	0.448161588192689	GENIE&WGCNA
AT3G04670	AT2G28260	0.447403547043676	GENIE&WGCNA
AT2G46590	AT2G34650	0.447363479946156	GENIE&WGCNA
AT2G26150	AT3G09350	0.447052794929045	GENIE&WGCNA
AT1G14685	AT2G40820	0.445740568700975	GENIE&WGCNA
AT1G68130	AT5G37020	0.445594971651241	GENIE&WGCNA
AT2G42200	AT5G53880	0.444978797758026	GENIE&WGCNA
AT5G23280	AT1G30330	0.444797546563849	GENIE&WGCNA
AT2G26150	AT3G25230	0.444782601663247	GENIE&WGCNA
AT1G30330	AT4G14310	0.444072422836289	GENIE&WGCNA
AT1G69780	AT1G20160	0.443603062933221	GENIE&WGCNA
AT4G27410	AT1G76380	0.443531220716798	GENIE&WGCNA
AT2G26150	AT5G03290	0.442830101872191	GENIE&WGCNA
AT4G36990	AT3G10020	0.44262169522352	GENIE&WGCNA
AT4G36990	AT1G21550	0.442473676098189	GENIE&WGCNA
AT2G46590	AT5G18460	0.440858124061384	GENIE&WGCNA
AT3G51910	AT3G10020	0.44066883163178	GENIE&WGCNA
AT5G60690	AT2G44300	0.440590032750073	GENIE&WGCNA
AT3G51910	AT3G24500	0.439141945246845	GENIE&WGCNA
AT5G43270	AT2G21140	0.439024941936196	GENIE&WGCNA
AT3G07340	AT3G30775	0.438387558669768	GENIE&WGCNA
AT4G11660	AT5G35320	0.438202246057359	GENIE&WGCNA
AT5G60690	AT5G52540	0.438025503635795	GENIE&WGCNA
AT4G36990	AT5G47610	0.437184339971409	GENIE&WGCNA
AT4G17460	AT4G27730	0.436557628247881	GENIE&WGCNA
AT2G35700	AT4G30020	0.43597835735158	GENIE&WGCNA
AT1G30330	AT3G50100	0.435933185232281	GENIE&WGCNA
AT4G17460	AT4G18760	0.435614596667708	GENIE&WGCNA
AT4G34590	AT2G28110	0.435035328633618	GENIE&WGCNA
AT4G38620	AT1G19940	0.434976994509042	GENIE&WGCNA
AT5G65310	AT2G31110	0.434881483235097	GENIE&WGCNA
AT5G60200	AT5G05790	0.434330167059723	GENIE&WGCNA
AT2G26150	AT4G15410	0.433713505394583	GENIE&WGCNA
AT1G30330	AT3G12860	0.433608265084721	GENIE&WGCNA
AT1G69580	AT2G34650	0.433327486929703	GENIE&WGCNA
AT3G07340	AT2G17550	0.432971418166598	GENIE&WGCNA
AT3G51910	AT3G25230	0.432739439609142	GENIE&WGCNA
AT2G26150	AT3G14200	0.432506724020983	GENIE&WGCNA
AT5G43270	AT1G17745	0.432440928578055	GENIE&WGCNA
AT2G26150	AT1G72416	0.4321689935285	GENIE&WGCNA
AT3G57800	AT3G13510	0.431930340282964	GENIE&WGCNA
AT2G46510	AT2G22010	0.431798088926443	GENIE&WGCNA
AT2G26150	AT5G46170	0.431345688641279	GENIE&WGCNA
AT2G26150	AT5G52640	0.43132043806035	GENIE&WGCNA
AT5G60690	AT4G11680	0.431045982093135	GENIE&WGCNA
AT3G51910	AT4G39366	0.431027325540326	GENIE&WGCNA
AT2G26150	AT5G56030	0.430881155794501	GENIE&WGCNA
AT3G57800	AT2G47160	0.43065638202931	GENIE&WGCNA
AT5G60690	AT2G34840	0.430599065407037	GENIE&WGCNA
AT2G26150	AT1G21550	0.430572472591299	GENIE&WGCNA
AT1G69690	AT1G64390	0.430291873387622	GENIE&WGCNA
AT2G46510	AT4G23060	0.430174186049626	GENIE&WGCNA
AT3G51910	AT4G36990	0.429961286277322	GENIE&WGCNA
AT1G69780	AT4G12310	0.429941883530622	GENIE&WGCNA
AT2G44730	AT2G03450	0.4295619473163	GENIE&WGCNA
AT2G22770	AT2G38760	0.42952375752323	GENIE&WGCNA
AT1G14685	AT3G56480	0.428069385880971	GENIE&WGCNA
AT3G07340	AT1G11000	0.427762334398304	GENIE&WGCNA
AT2G46510	AT1G11440	0.426778366334552	GENIE&WGCNA
AT1G69690	AT4G25260	0.426010394235198	GENIE&WGCNA
AT3G51910	AT1G21550	0.425589376833411	GENIE&WGCNA
AT1G69690	AT4G29240	0.42545154881234	GENIE&WGCNA
AT1G28310	AT5G57130	0.424199126969661	GENIE&WGCNA
AT1G69690	AT5G51890	0.423992568435226	GENIE&WGCNA
AT4G01120	AT4G06744	0.423817734015657	GENIE&WGCNA
AT4G36990	AT5G12030	0.422446102212723	GENIE&WGCNA
AT1G69690	AT4G01410	0.422203804902033	GENIE&WGCNA
AT3G51910	AT2G24100	0.422118257588445	GENIE&WGCNA
AT1G27370	AT3G12560	0.422008185449822	GENIE&WGCNA
AT1G69780	AT5G11110	0.421733550587077	GENIE&WGCNA
AT3G51910	AT5G05410	0.421206425248642	GENIE&WGCNA
AT1G30330	AT5G23910	0.420890093583066	GENIE&WGCNA
AT2G42200	AT1G02205	0.41991462620644	GENIE&WGCNA
AT2G46590	AT1G53440	0.419445217380496	GENIE&WGCNA
AT2G26150	AT4G09150	0.419133403871827	GENIE&WGCNA
AT2G26150	AT5G03285	0.417669020159806	GENIE&WGCNA
AT4G36990	AT3G63310	0.417572631321428	GENIE&WGCNA
AT1G69690	AT5G25590	0.41711456597908	GENIE&WGCNA
AT3G02990	AT2G25140	0.416323101785026	GENIE&WGCNA
AT1G52150	AT3G14840	0.416265304118622	GENIE&WGCNA
AT5G48250	AT2G28900	0.415763591845907	GENIE&WGCNA
AT2G26150	AT3G09440	0.415648503651777	GENIE&WGCNA
AT1G69690	AT5G42720	0.414986650122874	GENIE&WGCNA
AT1G01260	AT1G69370	0.414227120551604	GENIE&WGCNA
AT3G58120	AT1G72990	0.41360735886974	GENIE&WGCNA
AT3G06590	AT1G22410	0.41296856596197	GENIE&WGCNA
AT5G65310	AT5G44790	0.412639344029417	GENIE&WGCNA
AT1G69780	AT2G29070	0.411354654670719	GENIE&WGCNA
AT4G36990	AT5G15450	0.411222051799442	GENIE&WGCNA
AT3G07340	AT1G28260	0.410965376987544	GENIE&WGCNA
AT1G69690	AT2G17630	0.410448035797291	GENIE&WGCNA
AT1G68130	AT3G51895	0.41000992793407	GENIE&WGCNA
AT1G69580	AT4G12430	0.409800878652886	GENIE&WGCNA
AT3G58120	AT3G54880	0.409248484255314	GENIE&WGCNA
AT5G65310	AT3G07010	0.408707568420816	GENIE&WGCNA
AT1G69690	AT4G38660	0.408663506976227	GENIE&WGCNA
AT3G02990	AT1G03070	0.408203791929654	GENIE&WGCNA
AT3G02990	AT3G25230	0.407961915726999	GENIE&WGCNA
AT4G34590	AT1G21830	0.406538392667899	GENIE&WGCNA
AT3G07340	AT4G19420	0.406364331462685	GENIE&WGCNA
AT1G74430	AT5G67210	0.406349636601789	GENIE&WGCNA
AT1G69690	AT5G65000	0.405854001249015	GENIE&WGCNA
AT3G07340	AT5G07000	0.405345949784897	GENIE&WGCNA
AT3G07340	AT2G39870	0.404874323020949	GENIE&WGCNA
AT1G30330	AT3G14240	0.404742025211969	GENIE&WGCNA
AT5G65310	AT4G34750	0.404691797396586	GENIE&WGCNA
AT5G65310	AT3G51470	0.404473075811335	GENIE&WGCNA
AT5G23280	AT1G52760	0.404374509673475	GENIE&WGCNA
AT3G51910	AT5G56010	0.404334136140773	GENIE&WGCNA
AT5G48250	AT2G25930	0.403831150625304	GENIE&WGCNA
AT5G65310	AT4G18800	0.403811066498178	GENIE&WGCNA
AT1G68130	AT1G28680	0.403621049340459	GENIE&WGCNA
AT2G46590	AT4G12430	0.403187062772758	GENIE&WGCNA
AT1G69690	AT5G11550	0.40287359428669	GENIE&WGCNA
AT1G01250	AT5G06510	0.40214923604972	GENIE&WGCNA
AT5G65310	AT3G45160	0.402067672106515	GENIE&WGCNA
AT5G04410	AT1G74310	0.401922377718629	GENIE&WGCNA
AT3G51910	AT1G08460	0.401396873542759	GENIE&WGCNA
AT2G26150	AT3G10800	0.401294473803429	GENIE&WGCNA
AT1G01260	AT5G05730	0.40070369416723	GENIE&WGCNA
AT4G36990	AT4G39366	0.400691355544691	GENIE&WGCNA
AT2G26150	AT5G04410	0.400568495605984	GENIE&WGCNA
AT4G36990	AT1G74320	0.40051223093104	GENIE&WGCNA
AT2G46510	AT1G19680	0.400497513450561	GENIE&WGCNA
AT1G52150	AT1G24310	0.400445264859587	GENIE&WGCNA
AT1G69780	AT1G77990	0.40037070527539	GENIE&WGCNA
AT1G30330	AT3G02110	0.399992811916317	GENIE&WGCNA
AT4G27410	AT1G70700	0.399161028419484	GENIE&WGCNA
AT2G46510	AT5G05140	0.398873798245287	GENIE&WGCNA
AT3G07340	AT3G28180	0.397780090211766	GENIE&WGCNA
AT3G51910	AT1G12060	0.397622560837855	GENIE&WGCNA
AT5G26170	AT4G04500	0.397389584503111	GENIE&WGCNA
AT3G51910	AT5G03290	0.397231688709739	GENIE&WGCNA
AT4G34590	AT2G28260	0.397008842473467	GENIE&WGCNA
AT5G48250	AT5G58600	0.396696444248653	GENIE&WGCNA
AT5G60690	AT1G65470	0.396667090090838	GENIE&WGCNA
AT3G51910	AT1G72416	0.396301708003629	GENIE&WGCNA
AT5G48250	AT1G07050	0.396081602439248	GENIE&WGCNA
AT4G17460	AT3G25500	0.396057280176045	GENIE&WGCNA
AT3G02990	AT2G32120	0.395281242026724	GENIE&WGCNA
AT1G52150	AT1G05470	0.395278796339386	GENIE&WGCNA
AT1G69580	AT1G10657	0.394200835957661	GENIE&WGCNA
AT2G26150	AT5G62090	0.393698490050006	GENIE&WGCNA
AT2G26150	AT5G47120	0.393651733901417	GENIE&WGCNA
AT2G26150	AT4G23493	0.393523958528182	GENIE&WGCNA
AT1G52890	AT4G02360	0.39298877169815	GENIE&WGCNA
AT1G14685	AT1G78970	0.39298191857596	GENIE&WGCNA
AT1G52890	AT4G08170	0.392848913185124	GENIE&WGCNA
AT5G48250	AT5G20630	0.392434121377526	GENIE&WGCNA
AT1G69690	AT4G09810	0.392215925648467	GENIE&WGCNA
AT3G51910	AT4G23493	0.392058065703337	GENIE&WGCNA
AT1G30330	AT3G46870	0.391930884097422	GENIE&WGCNA
AT2G44730	AT5G53880	0.39161147122903	GENIE&WGCNA
AT1G68130	AT1G20160	0.391410712882027	GENIE&WGCNA
AT1G69690	AT2G44300	0.390819936644268	GENIE&WGCNA
AT5G48250	AT4G30650	0.390422001421836	GENIE&WGCNA
AT5G48250	AT5G23240	0.390357551046176	GENIE&WGCNA
AT1G30330	AT5G04620	0.390353231181355	GENIE&WGCNA
AT2G26150	AT1G31280	0.390259028842731	GENIE&WGCNA
AT3G61950	AT3G14310	0.38984935437813	GENIE&WGCNA
AT2G26150	AT1G74320	0.388697485686012	GENIE&WGCNA
AT2G26150	AT2G41160	0.388678791036512	GENIE&WGCNA
AT3G07340	AT1G24170	0.388630226987566	GENIE&WGCNA
AT2G26150	AT3G44110	0.388547329065021	GENIE&WGCNA
AT1G69690	AT1G35720	0.388190158288962	GENIE&WGCNA
AT1G01250	AT3G54390	0.387693879937809	GENIE&WGCNA
AT3G07340	AT3G23590	0.387538785115718	GENIE&WGCNA
AT1G72830	AT5G25980	0.386753273651836	GENIE&WGCNA
AT1G74430	AT1G72180	0.386751356283342	GENIE&WGCNA
AT4G36900	AT5G53050	0.386578431565851	GENIE&WGCNA
AT5G05410	AT3G12050	0.386316719650565	GENIE&WGCNA
AT3G07340	AT1G20160	0.386143785773777	GENIE&WGCNA
AT3G07340	AT1G30440	0.386065365938578	GENIE&WGCNA
AT1G69690	AT5G52540	0.385863497601322	GENIE&WGCNA
AT5G26170	AT3G50480	0.385327187314041	GENIE&WGCNA
AT3G57800	AT2G45220	0.38529358248234	GENIE&WGCNA
AT1G01250	AT1G24070	0.385024738650317	GENIE&WGCNA
AT1G52150	AT5G39550	0.38498125704212	GENIE&WGCNA
AT1G72830	AT1G12000	0.384682488387039	GENIE&WGCNA
AT5G04410	AT3G09350	0.384470566411166	GENIE&WGCNA
AT5G26170	AT4G00700	0.384283650612031	GENIE&WGCNA
AT1G30330	AT1G65470	0.384248818419988	GENIE&WGCNA
AT5G65310	AT4G09810	0.384227095577804	GENIE&WGCNA
AT5G23280	AT5G61340	0.384074369319587	GENIE&WGCNA
AT1G18330	AT2G19310	0.38355081405123	GENIE&WGCNA
AT1G30330	AT5G45670	0.383364327334176	GENIE&WGCNA
AT3G61950	AT5G39550	0.382922863304283	GENIE&WGCNA
AT5G60200	AT5G54200	0.382774569073027	GENIE&WGCNA
AT5G60200	AT3G11210	0.38240402010779	GENIE&WGCNA
AT5G62020	AT1G55530	0.381504957679273	GENIE&WGCNA
AT5G05410	AT2G20560	0.381195559924974	GENIE&WGCNA
AT3G07340	AT4G08950	0.380874879028521	GENIE&WGCNA
AT2G26150	AT5G15450	0.38062164816794	GENIE&WGCNA
AT3G07340	AT1G53050	0.380510524079171	GENIE&WGCNA
AT5G60200	AT3G45160	0.380368939995233	GENIE&WGCNA
AT4G11660	AT4G17250	0.380263692452473	GENIE&WGCNA
AT1G01260	AT5G14700	0.380226032597496	GENIE&WGCNA
AT1G52150	AT5G48360	0.380028890771036	GENIE&WGCNA
AT4G36990	AT5G47120	0.379902099613024	GENIE&WGCNA
AT3G57800	AT4G35100	0.378264545768844	GENIE&WGCNA
AT1G01260	AT5G06870	0.378106284862942	GENIE&WGCNA
AT3G51910	AT5G15450	0.377998730692528	GENIE&WGCNA
AT3G51910	AT5G47610	0.377899335892753	GENIE&WGCNA
AT3G02990	AT4G09150	0.377629947039562	GENIE&WGCNA
AT1G14685	AT1G10640	0.377134525614562	GENIE&WGCNA
AT3G51910	AT4G15410	0.377118878745108	GENIE&WGCNA
AT3G02990	AT1G66510	0.377117236806866	GENIE&WGCNA
AT1G69690	AT3G54400	0.377055491926893	GENIE&WGCNA
AT5G60200	AT1G50110	0.376428270268637	GENIE&WGCNA
AT1G69780	AT4G17670	0.376390235709302	GENIE&WGCNA
AT3G51910	AT2G41160	0.376190749973397	GENIE&WGCNA
AT2G42200	AT1G04900	0.37604340730641	GENIE&WGCNA
AT1G69780	AT1G24575	0.375167887132711	GENIE&WGCNA
AT2G26150	AT3G63310	0.374994370473563	GENIE&WGCNA
AT1G30330	AT5G48360	0.374898793347311	GENIE&WGCNA
AT5G05410	AT1G55530	0.374810659858154	GENIE&WGCNA
AT1G05710	AT5G37300	0.374668674430748	GENIE&WGCNA
AT1G68130	AT2G37460	0.374584200958459	GENIE&WGCNA
AT2G26150	AT5G12030	0.374571702294652	GENIE&WGCNA
AT1G01250	AT2G22900	0.373996041903976	GENIE&WGCNA
AT1G30330	AT3G62630	0.373330332584409	GENIE&WGCNA
AT3G07340	AT5G14390	0.373099007889965	GENIE&WGCNA
AT1G69780	AT1G29400	0.372776246116781	GENIE&WGCNA
AT5G23280	AT4G23820	0.372750545389737	GENIE&WGCNA
AT5G04410	AT1G21550	0.372607276847333	GENIE&WGCNA
AT1G28310	AT4G23840	0.372588892960643	GENIE&WGCNA
AT1G52150	AT4G39510	0.372524270084835	GENIE&WGCNA
AT1G49720	AT4G14230	0.372185041548841	GENIE&WGCNA
AT4G34590	AT1G64390	0.372095246824247	GENIE&WGCNA
AT4G37650	AT5G45100	0.37199611494552	GENIE&WGCNA
AT3G07340	AT2G46330	0.371515974858007	GENIE&WGCNA
AT1G69690	AT2G45470	0.371332584192517	GENIE&WGCNA
AT5G61420	AT5G10020	0.371253227599184	GENIE&WGCNA
AT1G69580	AT5G45100	0.371193799295686	GENIE&WGCNA
AT5G65310	AT2G25220	0.371085705727524	GENIE&WGCNA
AT5G37020	AT5G47550	0.370924558442085	GENIE&WGCNA
AT5G04410	AT5G52640	0.370473234941683	GENIE&WGCNA
AT1G52890	AT4G26080	0.370031277541682	GENIE&WGCNA
AT1G69690	AT3G12860	0.369665558842563	GENIE&WGCNA
AT5G65310	AT5G58700	0.369296633643024	GENIE&WGCNA
AT5G65310	AT5G18460	0.369103159142324	GENIE&WGCNA
AT3G58120	AT4G23820	0.368882485660879	GENIE&WGCNA
AT5G04410	AT1G17870	0.368860605085483	GENIE&WGCNA
AT3G58120	AT1G14460	0.367966766423746	GENIE&WGCNA
AT3G61950	AT5G10240	0.367839793745909	GENIE&WGCNA
AT5G65310	AT3G50340	0.367564278195093	GENIE&WGCNA
AT1G30330	AT5G60710	0.367543512848506	GENIE&WGCNA
AT4G17230	AT1G72520	0.367521632086297	GENIE&WGCNA
AT5G05410	AT2G19310	0.367472185747844	GENIE&WGCNA
AT5G60690	AT5G09220	0.367277081730907	GENIE&WGCNA
AT5G61420	AT2G34150	0.366499524175852	GENIE&WGCNA
AT4G36990	AT4G17250	0.366449389271776	GENIE&WGCNA
AT1G69780	AT5G48360	0.366361836369603	GENIE&WGCNA
AT1G68130	AT3G63000	0.366343698401569	GENIE&WGCNA
AT3G07340	AT3G57790	0.365796093104053	GENIE&WGCNA
AT3G07340	AT5G15350	0.365556239801697	GENIE&WGCNA
AT2G46510	AT1G73080	0.365540787400786	GENIE&WGCNA
AT1G30330	AT3G03680	0.365294544293341	GENIE&WGCNA
AT5G60690	AT5G27120	0.365149583262763	GENIE&WGCNA
AT5G26170	AT3G26210	0.364814726577576	GENIE&WGCNA
AT2G26150	AT3G12580	0.364192981734614	GENIE&WGCNA
AT4G34590	AT4G29240	0.364132267810103	GENIE&WGCNA
AT5G60200	AT3G56620	0.364057223406845	GENIE&WGCNA
AT3G57800	AT1G65370	0.363792551683603	GENIE&WGCNA
AT1G68130	AT1G69170	0.363507544518266	GENIE&WGCNA
AT3G51910	AT5G12030	0.363312402819352	GENIE&WGCNA
AT4G37650	AT1G31580	0.363294874482543	GENIE&WGCNA
AT1G69780	AT1G10730	0.363281275338691	GENIE&WGCNA
AT1G05710	AT5G63530	0.363151011567897	GENIE&WGCNA
AT3G07340	AT5G64410	0.362879657997576	GENIE&WGCNA
AT3G51910	AT5G56030	0.362758465991765	GENIE&WGCNA
AT1G69580	AT3G51320	0.362443069538108	GENIE&WGCNA
AT3G06590	AT5G45100	0.362269769923489	GENIE&WGCNA
AT2G46510	AT2G01450	0.362049443164478	GENIE&WGCNA
AT3G07340	AT1G09390	0.361862104646411	GENIE&WGCNA
AT2G26150	AT1G70300	0.361376519059054	GENIE&WGCNA
AT3G07340	AT1G27190	0.36078520381995	GENIE&WGCNA
AT3G07340	AT5G24800	0.360532599534874	GENIE&WGCNA
AT1G30330	AT1G69040	0.360309627739741	GENIE&WGCNA
AT1G72830	AT4G12730	0.360156298933128	GENIE&WGCNA
AT1G52150	AT1G20720	0.359905934498917	GENIE&WGCNA
AT5G65310	AT1G07670	0.358905383965489	GENIE&WGCNA
AT3G07340	AT2G30600	0.358720165040199	GENIE&WGCNA
AT4G36990	AT5G05410	0.358430381810352	GENIE&WGCNA
AT2G26150	AT2G47730	0.358340413426655	GENIE&WGCNA
AT1G30330	AT1G27460	0.358251507325382	GENIE&WGCNA
AT5G04410	AT3G24500	0.357037684303515	GENIE&WGCNA
AT4G17460	AT4G23840	0.356994924234665	GENIE&WGCNA
AT4G17500	AT1G73500	0.356865129136374	GENIE&WGCNA
AT1G01260	AT3G10985	0.356833485913929	GENIE&WGCNA
AT1G69690	AT5G26230	0.356779360969464	GENIE&WGCNA
AT5G05410	AT4G17250	0.356262500741884	GENIE&WGCNA
AT5G26170	AT5G43910	0.355468577612903	GENIE&WGCNA
AT5G26170	AT3G60415	0.355034249464296	GENIE&WGCNA
AT2G22770	AT4G34710	0.354951536250861	GENIE&WGCNA
AT5G48250	AT5G14920	0.354281390519125	GENIE&WGCNA
AT4G36990	AT2G33590	0.354251515975393	GENIE&WGCNA
AT2G26150	AT1G07400	0.354070021745189	GENIE&WGCNA
AT5G64810	AT4G04490	0.354010692792837	GENIE&WGCNA
AT1G68130	AT4G37310	0.353685511873507	GENIE&WGCNA
AT1G69690	AT3G20510	0.353424190491003	GENIE&WGCNA
AT5G26170	AT1G08450	0.353203736591052	GENIE&WGCNA
AT2G26150	AT4G22740	0.352822476590101	GENIE&WGCNA
AT4G36900	AT5G53060	0.352459805158278	GENIE&WGCNA
AT1G79840	AT1G06360	0.35245493673794	GENIE&WGCNA
AT5G65310	AT3G47750	0.352263632801129	GENIE&WGCNA
AT2G23760	AT5G03170	0.351601534485824	GENIE&WGCNA
AT5G60690	AT3G22760	0.351537794676389	GENIE&WGCNA
AT4G27240	AT1G79630	0.351296739929202	GENIE&WGCNA
AT5G60200	AT1G59970	0.350822469470109	GENIE&WGCNA
AT5G26170	AT5G24200	0.350792754590422	GENIE&WGCNA
AT1G69780	AT4G18050	0.350786255698719	GENIE&WGCNA
AT5G26170	AT2G47130	0.350745551100725	GENIE&WGCNA
AT5G60690	AT4G38520	0.350575011545252	GENIE&WGCNA
AT3G07340	AT2G27050	0.350205339428397	GENIE&WGCNA
AT2G46510	AT5G63370	0.349828749385951	GENIE&WGCNA
AT1G18330	AT3G07090	0.349780280885754	GENIE&WGCNA
AT5G48250	AT2G01990	0.349628395691049	GENIE&WGCNA
AT5G60690	AT5G10240	0.349588333029658	GENIE&WGCNA
AT5G60200	AT5G35740	0.349182448866687	GENIE&WGCNA
AT3G07340	AT1G09440	0.34905542216883	GENIE&WGCNA
AT5G59780	AT4G17500	0.348846273163056	GENIE&WGCNA
AT3G07340	AT1G77990	0.348645989147096	GENIE&WGCNA
AT5G48250	AT5G23575	0.348248147288833	GENIE&WGCNA
AT3G51910	AT3G09440	0.348051156213732	GENIE&WGCNA
AT3G54390	AT5G53590	0.347707046143324	GENIE&WGCNA
AT4G29100	AT2G17260	0.34755668227955	GENIE&WGCNA
AT1G56650	AT2G04400	0.347238965777443	GENIE&WGCNA
AT1G52150	AT5G09460	0.347095380129414	GENIE&WGCNA
AT2G26150	AT1G10970	0.346794142440286	GENIE&WGCNA
AT1G52150	AT2G20240	0.346693667339252	GENIE&WGCNA
AT3G07340	AT2G33170	0.346220287119498	GENIE&WGCNA
AT5G65310	AT1G12845	0.345915700805546	GENIE&WGCNA
AT4G34590	AT2G12400	0.345857622335073	GENIE&WGCNA
AT2G22770	AT3G25180	0.345355448158324	GENIE&WGCNA
AT1G68130	AT2G25590	0.345069649061945	GENIE&WGCNA
AT2G22200	AT4G18440	0.345047842931006	GENIE&WGCNA
AT3G51910	AT1G10970	0.344809145440799	GENIE&WGCNA
AT5G26170	AT3G11010	0.343950700502751	GENIE&WGCNA
AT5G26170	AT1G08050	0.343645299200156	GENIE&WGCNA
AT2G22200	AT4G24350	0.343623056079828	GENIE&WGCNA
AT5G23280	AT3G26700	0.343510980731511	GENIE&WGCNA
AT2G44730	AT3G02700	0.343469928222807	GENIE&WGCNA
AT2G26150	AT5G58787	0.343313875471331	GENIE&WGCNA
AT1G52150	AT5G19290	0.343175033385622	GENIE&WGCNA
AT5G60200	AT3G55110	0.343110099193648	GENIE&WGCNA
AT5G60690	AT5G47180	0.343073175468404	GENIE&WGCNA
AT5G60200	AT3G18280	0.342862711881624	GENIE&WGCNA
AT5G60200	AT5G48230	0.342118852355196	GENIE&WGCNA
AT5G60200	AT5G03190	0.341906340174928	GENIE&WGCNA
AT3G02990	AT2G26140	0.341352815447752	GENIE&WGCNA
AT2G46510	AT1G30040	0.341264863067829	GENIE&WGCNA
AT2G27050	AT5G07080	0.341073149257285	GENIE&WGCNA
AT5G05410	AT3G10020	0.340217343907863	GENIE&WGCNA
AT5G26170	AT1G21240	0.339923929919342	GENIE&WGCNA
AT5G37020	AT1G28680	0.339840044826461	GENIE&WGCNA
AT5G60200	AT4G34590	0.339638207975743	GENIE&WGCNA
AT3G51910	AT1G74320	0.339208668292231	GENIE&WGCNA
AT2G33860	AT4G28250	0.338869369235309	GENIE&WGCNA
AT2G22770	AT4G24830	0.338452904835035	GENIE&WGCNA
AT3G51910	AT1G07400	0.337901137430692	GENIE&WGCNA
AT5G59780	AT4G15260	0.337828173554153	GENIE&WGCNA
AT1G49720	AT1G67660	0.337587420541956	GENIE&WGCNA
AT4G09460	AT5G37540	0.337586110914215	GENIE&WGCNA
AT2G26150	AT4G28480	0.337243042084927	GENIE&WGCNA
AT5G64810	AT3G60540	0.337168167325828	GENIE&WGCNA
AT2G26150	AT5G53400	0.336952480423456	GENIE&WGCNA
AT1G73360	AT2G21130	0.336332979007111	GENIE&WGCNA
AT4G36900	AT5G55120	0.336261727857426	GENIE&WGCNA
AT1G49720	AT2G31360	0.335896336836409	GENIE&WGCNA
AT3G07340	AT1G29400	0.33561102505418	GENIE&WGCNA
AT1G28050	AT1G80120	0.335521940920879	GENIE&WGCNA
AT5G26170	AT3G51330	0.335427881328711	GENIE&WGCNA
AT2G35700	AT4G13930	0.33533846139257	GENIE&WGCNA
AT1G68130	AT5G57785	0.335095070291314	GENIE&WGCNA
AT5G60890	AT5G53060	0.334837317299782	GENIE&WGCNA
AT5G26170	AT1G35230	0.334736703748258	GENIE&WGCNA
AT5G26170	AT3G25010	0.334661605895832	GENIE&WGCNA
AT3G07340	AT1G60140	0.334618761096079	GENIE&WGCNA
AT1G30330	AT4G22290	0.334566138260699	GENIE&WGCNA
AT5G05410	AT1G26800	0.33427338627102	GENIE&WGCNA
AT5G48250	AT4G32340	0.334026546911446	GENIE&WGCNA
AT3G51910	AT5G47120	0.333958880601086	GENIE&WGCNA
AT4G29100	AT3G23430	0.333711626633667	GENIE&WGCNA
AT4G17230	AT3G06500	0.333610978609071	GENIE&WGCNA
AT3G58120	AT4G11130	0.333543165737429	GENIE&WGCNA
AT3G07340	AT1G03520	0.333299006341034	GENIE&WGCNA
AT5G26170	AT1G67850	0.333276687961277	GENIE&WGCNA
AT5G60200	AT2G45450	0.333228621519916	GENIE&WGCNA
AT1G68130	AT2G40900	0.33322129121762	GENIE&WGCNA
AT5G47220	AT4G17500	0.332814786703499	GENIE&WGCNA
AT5G64810	AT4G23150	0.331462222501063	GENIE&WGCNA
AT2G22770	AT2G22200	0.331280239649955	GENIE&WGCNA
AT4G36990	AT5G46170	0.331196288725492	GENIE&WGCNA
AT3G02990	AT5G61510	0.331030963865481	GENIE&WGCNA
AT2G22770	AT1G08920	0.330951178559321	GENIE&WGCNA
AT5G60690	AT5G61130	0.330669630341279	GENIE&WGCNA
AT4G17500	AT1G18710	0.330605554490351	GENIE&WGCNA
AT2G42200	AT2G42650	0.330508903346201	GENIE&WGCNA
AT1G69780	AT1G23870	0.330332453863801	GENIE&WGCNA
AT2G26150	AT2G36460	0.330309915475922	GENIE&WGCNA
AT4G29100	AT4G38620	0.330049611307161	GENIE&WGCNA
AT1G01260	AT5G05140	0.330032598373841	GENIE&WGCNA
AT5G26170	AT1G51890	0.329578562415295	GENIE&WGCNA
AT4G09460	AT3G04670	0.329529398242407	GENIE&WGCNA
AT2G23760	AT5G54670	0.329504153363053	GENIE&WGCNA
AT1G52890	AT1G19640	0.328656540602366	GENIE&WGCNA
AT5G05410	AT5G03990	0.328278866549971	GENIE&WGCNA
AT5G60200	AT5G15780	0.328234801600108	GENIE&WGCNA
AT5G26170	AT2G18660	0.328145531739826	GENIE&WGCNA
AT4G17460	AT3G10340	0.328109212914421	GENIE&WGCNA
AT5G26170	AT4G04490	0.327931455470251	GENIE&WGCNA
AT4G36990	AT5G11680	0.327906162947437	GENIE&WGCNA
AT5G26170	AT1G01680	0.32782129484242	GENIE&WGCNA
AT5G04410	AT3G44110	0.327703193596113	GENIE&WGCNA
AT2G22770	AT2G37620	0.327360732174648	GENIE&WGCNA
AT5G60200	AT3G27360	0.327294925902112	GENIE&WGCNA
AT2G35700	AT4G36360	0.327240983996401	GENIE&WGCNA
AT1G72830	AT1G60610	0.327099845778227	GENIE&WGCNA
AT2G02820	AT2G36340	0.326970271524356	GENIE&WGCNA
AT5G65310	AT5G02890	0.326942544483905	GENIE&WGCNA
AT1G52150	AT3G13190	0.326653806533177	GENIE&WGCNA
AT2G47890	AT2G38670	0.326625855200557	GENIE&WGCNA
AT3G58120	AT2G28950	0.326560008660798	GENIE&WGCNA
AT5G65310	AT5G28300	0.326234641036077	GENIE&WGCNA
AT3G06590	AT5G10240	0.326129030373648	GENIE&WGCNA
AT4G36990	AT5G35460	0.326095889185455	GENIE&WGCNA
AT3G07340	AT1G23480	0.326093119727213	GENIE&WGCNA
AT5G05410	AT1G10970	0.326014888341038	GENIE&WGCNA
AT3G54390	AT2G32990	0.325868500330583	GENIE&WGCNA
AT5G26170	AT5G10760	0.325493604582704	GENIE&WGCNA
AT3G07340	AT2G03890	0.325085476515818	GENIE&WGCNA
AT1G74430	AT2G41475	0.325014492826367	GENIE&WGCNA
AT4G17460	AT5G16590	0.324630786643585	GENIE&WGCNA
AT5G26170	AT2G04450	0.324585943827659	GENIE&WGCNA
AT1G69780	AT5G53370	0.324384709496672	GENIE&WGCNA
AT1G27370	AT5G55950	0.324126523588496	GENIE&WGCNA
AT5G26170	AT5G17760	0.324123149997046	GENIE&WGCNA
AT1G79840	AT4G27440	0.324062627656113	GENIE&WGCNA
AT2G02820	AT5G11950	0.323974282184294	GENIE&WGCNA
AT5G60200	AT5G65000	0.323918995278961	GENIE&WGCNA
AT5G60200	AT5G11550	0.323766601501351	GENIE&WGCNA
AT2G27050	AT5G57685	0.323325672875014	GENIE&WGCNA
AT3G07340	AT4G04630	0.323232627631594	GENIE&WGCNA
AT2G22770	AT1G18710	0.323207892880574	GENIE&WGCNA
AT5G26170	AT1G24145	0.32276653756435	GENIE&WGCNA
AT5G26170	AT5G25260	0.322552207732853	GENIE&WGCNA
AT5G48250	AT1G25450	0.322507895681183	GENIE&WGCNA
AT3G07340	AT3G61670	0.322447929710031	GENIE&WGCNA
AT5G26170	AT2G17120	0.322042314293127	GENIE&WGCNA
AT3G07340	AT3G16850	0.322041055493162	GENIE&WGCNA
AT1G69690	AT3G56370	0.322025567086289	GENIE&WGCNA
AT5G04410	AT5G56030	0.321398624733431	GENIE&WGCNA
AT5G62020	AT1G14200	0.321229805080497	GENIE&WGCNA
AT2G46590	AT5G49330	0.321142537329672	GENIE&WGCNA
AT5G64810	AT3G57260	0.321049658046301	GENIE&WGCNA
AT5G48250	AT5G64620	0.320668067022208	GENIE&WGCNA
AT2G27050	AT3G25290	0.320659060760471	GENIE&WGCNA
AT1G49720	AT3G19490	0.32063479391372	GENIE&WGCNA
AT5G26170	AT1G14880	0.320377460957755	GENIE&WGCNA
AT4G36900	AT1G69370	0.320241977127849	GENIE&WGCNA
AT1G52150	AT3G19570	0.32012700383859	GENIE&WGCNA
AT2G27050	AT3G20570	0.320081925340554	GENIE&WGCNA
AT4G09460	AT2G05320	0.31956815549086	GENIE&WGCNA
AT1G28050	AT1G25220	0.3195298440161	GENIE&WGCNA
AT5G48250	AT3G07650	0.319470424915145	GENIE&WGCNA
AT5G05410	AT5G58070	0.319199658691481	GENIE&WGCNA
AT1G79840	AT1G67660	0.319137767532186	GENIE&WGCNA
AT5G60690	AT4G23650	0.318849391225326	GENIE&WGCNA
AT1G69690	AT1G63160	0.318498849898222	GENIE&WGCNA
AT4G29100	AT1G07090	0.318276735960384	GENIE&WGCNA
AT5G26170	AT1G75040	0.317965164487549	GENIE&WGCNA
AT1G01260	AT2G01450	0.317748899739453	GENIE&WGCNA
AT5G62020	AT1G26800	0.317326480137923	GENIE&WGCNA
AT2G46510	AT1G33610	0.317210467665804	GENIE&WGCNA
AT3G61950	AT5G62270	0.316809100523177	GENIE&WGCNA
AT2G26150	AT5G03340	0.31680850769084	GENIE&WGCNA
AT4G37790	AT1G76390	0.316220714766041	GENIE&WGCNA
AT1G69170	AT3G07420	0.315964453411864	GENIE&WGCNA
AT4G35550	AT5G14700	0.315924760350923	GENIE&WGCNA
AT5G26170	AT2G04430	0.315870986720071	GENIE&WGCNA
AT2G34710	AT1G12320	0.315424656591864	GENIE&WGCNA
AT5G64810	AT3G15536	0.315391704687455	GENIE&WGCNA
AT2G47890	AT1G67660	0.315232303089393	GENIE&WGCNA
AT5G64810	AT1G08450	0.315227434532436	GENIE&WGCNA
AT5G64810	AT3G47480	0.315196252680858	GENIE&WGCNA
AT5G60200	AT5G24570	0.314717259959225	GENIE&WGCNA
AT3G61950	AT1G71050	0.314537035786293	GENIE&WGCNA
AT1G69580	AT3G13190	0.314048827304299	GENIE&WGCNA
AT1G49720	AT3G46970	0.314007346613171	GENIE&WGCNA
AT3G04670	AT2G05320	0.314003403872137	GENIE&WGCNA
AT3G07340	AT3G02170	0.313341384901033	GENIE&WGCNA
AT2G42200	AT1G63160	0.313058543031877	GENIE&WGCNA
AT5G60200	AT5G18460	0.31297080875026	GENIE&WGCNA
AT2G47890	AT1G64890	0.31274078067995	GENIE&WGCNA
AT5G26170	AT2G44290	0.312632944808118	GENIE&WGCNA
AT5G37020	AT1G03870	0.312580688764136	GENIE&WGCNA
AT5G26170	AT5G52810	0.312440508988074	GENIE&WGCNA
AT2G35700	AT2G45470	0.312421298084847	GENIE&WGCNA
AT5G64810	AT3G25882	0.312073277431705	GENIE&WGCNA
AT1G14350	AT2G02820	0.311952034963194	GENIE&WGCNA
AT5G60200	AT1G24170	0.311910673571728	GENIE&WGCNA
AT5G60200	AT3G17350	0.311791582982719	GENIE&WGCNA
AT3G04670	AT3G06420	0.311457672253078	GENIE&WGCNA
AT5G62020	AT5G03990	0.311451287974403	GENIE&WGCNA
AT4G38620	AT2G12400	0.311265922219819	GENIE&WGCNA
AT2G23760	AT5G64570	0.311013351613744	GENIE&WGCNA
AT5G64810	AT2G32680	0.31095303019048	GENIE&WGCNA
AT4G29100	AT5G65000	0.310799136485917	GENIE&WGCNA
AT5G04410	AT5G53400	0.310736628124707	GENIE&WGCNA
AT3G07340	AT3G06150	0.310705044208535	GENIE&WGCNA
AT5G60690	AT1G18260	0.31070348050275	GENIE&WGCNA
AT2G47890	AT1G20020	0.310652352732742	GENIE&WGCNA
AT3G07650	AT5G61380	0.310483917508742	GENIE&WGCNA
AT2G22770	AT1G66760	0.310397461691079	GENIE&WGCNA
AT4G11660	AT5G62020	0.31029999220568	GENIE&WGCNA
AT5G64810	AT5G39670	0.310298207439961	GENIE&WGCNA
AT1G79840	AT4G33700	0.310199776278816	GENIE&WGCNA
AT2G47890	AT3G46970	0.30992379549919	GENIE&WGCNA
AT2G22770	AT5G22630	0.309609076696403	GENIE&WGCNA
AT4G17460	AT1G30820	0.309592217253688	GENIE&WGCNA
AT2G41240	AT3G56970	0.309572077544202	GENIE&WGCNA
AT3G07340	AT5G56020	0.309546476568375	GENIE&WGCNA
AT3G61950	AT2G24645	0.309245191981895	GENIE&WGCNA
AT4G31800	AT3G09830	0.3092172908904	GENIE&WGCNA
AT3G07340	AT3G53540	0.309187603257988	GENIE&WGCNA
AT5G64810	AT3G25010	0.309046672373267	GENIE&WGCNA
AT2G42200	AT5G63180	0.309043881148195	GENIE&WGCNA
AT2G47890	AT3G52180	0.308974548367037	GENIE&WGCNA
AT3G55980	AT3G46620	0.308865641973168	GENIE&WGCNA
AT2G22840	AT1G27630	0.308726928561539	GENIE&WGCNA
AT2G26150	AT5G51440	0.308627127008604	GENIE&WGCNA
AT2G41240	AT3G56980	0.308568146822957	GENIE&WGCNA
AT5G03150	AT2G19110	0.308471617742365	GENIE&WGCNA
AT3G51910	AT2G47730	0.308371463762667	GENIE&WGCNA
AT2G02820	AT2G36420	0.308079743517864	GENIE&WGCNA
AT1G27370	AT2G18280	0.308070289190988	GENIE&WGCNA
AT3G56970	AT1G13609	0.307915611518208	GENIE&WGCNA
AT3G07340	AT4G02540	0.307855305007323	GENIE&WGCNA
AT1G01260	AT2G41475	0.307798864060942	GENIE&WGCNA
AT1G69580	AT2G35860	0.307436732970998	GENIE&WGCNA
AT4G27240	AT3G61670	0.307373499679976	GENIE&WGCNA
AT5G65310	AT3G62370	0.307363940911677	GENIE&WGCNA
AT4G16750	AT5G44730	0.307199176528727	GENIE&WGCNA
AT4G37650	AT4G23950	0.307098582023906	GENIE&WGCNA
AT5G05410	AT5G54165	0.307042840068103	GENIE&WGCNA
AT2G22770	AT1G19680	0.30701886491198	GENIE&WGCNA
AT5G26170	AT1G33960	0.306982578465779	GENIE&WGCNA
AT5G48250	AT5G53486	0.30697883500022	GENIE&WGCNA
AT5G05410	AT5G64510	0.306888817526856	GENIE&WGCNA
AT4G34590	AT5G07440	0.306847286462352	GENIE&WGCNA
AT4G27410	AT1G49450	0.306669434230378	GENIE&WGCNA
AT3G56980	AT1G13609	0.306653125343647	GENIE&WGCNA
AT2G02820	AT5G54980	0.306580693379978	GENIE&WGCNA
AT5G64810	AT4G23140	0.306405091232732	GENIE&WGCNA
AT1G69580	AT3G19570	0.306305597076926	GENIE&WGCNA
AT5G04410	AT3G09440	0.30630075519079	GENIE&WGCNA
AT3G61950	AT5G02890	0.30629095991168	GENIE&WGCNA
AT2G22770	AT1G58200	0.306122978290254	GENIE&WGCNA
AT5G60690	AT2G19110	0.306009966963601	GENIE&WGCNA
AT2G35700	AT1G78490	0.305837788745551	GENIE&WGCNA
AT5G04410	AT5G03285	0.305788648539509	GENIE&WGCNA
AT3G54390	AT1G75900	0.305596833000405	GENIE&WGCNA
AT1G28050	AT5G56760	0.305596468882096	GENIE&WGCNA
AT1G69780	AT2G38995	0.305062738589897	GENIE&WGCNA
AT5G64810	AT4G11890	0.304751576992606	GENIE&WGCNA
AT5G65310	AT2G40940	0.304627911841073	GENIE&WGCNA
AT3G07340	AT2G27060	0.304387270012392	GENIE&WGCNA
AT3G07340	AT5G51550	0.304147980541866	GENIE&WGCNA
AT4G17230	AT1G73080	0.304076827640727	GENIE&WGCNA
AT2G33860	AT1G64640	0.304058016815018	GENIE&WGCNA
AT2G47890	AT3G19490	0.304017458958678	GENIE&WGCNA
AT1G79840	AT1G12710	0.303797008922828	GENIE&WGCNA
AT5G04410	AT5G56010	0.303688386747664	GENIE&WGCNA
AT3G58120	AT3G08670	0.303663790718821	GENIE&WGCNA
AT5G61600	AT4G27280	0.303626341784844	GENIE&WGCNA
AT4G35550	AT4G21060	0.303498612577269	GENIE&WGCNA
AT2G35700	AT3G63130	0.303415444267906	GENIE&WGCNA
AT4G29100	AT5G49990	0.303187624306495	GENIE&WGCNA
AT3G07340	AT2G16720	0.303154043169623	GENIE&WGCNA
AT3G50060	AT4G27280	0.303145087596433	GENIE&WGCNA
AT5G26170	AT5G60950	0.303087532483119	GENIE&WGCNA
AT3G55980	AT1G18300	0.303072837722455	GENIE&WGCNA
AT2G26150	AT5G35460	0.303068443385088	GENIE&WGCNA
AT4G17230	AT4G20860	0.302807837812374	GENIE&WGCNA
AT4G35550	AT2G22080	0.302736009438275	GENIE&WGCNA
AT2G46510	AT3G05500	0.302587224269672	GENIE&WGCNA
AT1G69690	AT1G29310	0.302466694955274	GENIE&WGCNA
AT1G52150	AT2G38995	0.302061567356579	GENIE&WGCNA
AT3G58120	AT1G76090	0.302026944033403	GENIE&WGCNA
AT1G52150	AT3G53320	0.301972827412922	GENIE&WGCNA
AT4G36990	AT1G01720	0.301944921316754	GENIE&WGCNA
AT1G76580	AT4G27070	0.301629758117474	GENIE&WGCNA
AT3G07340	AT3G54390	0.301304752829389	GENIE&WGCNA
AT5G60690	AT2G45010	0.301152592079574	GENIE&WGCNA
AT5G48250	AT5G23660	0.301007966740968	GENIE&WGCNA
AT4G17460	AT5G24800	0.300991918793516	GENIE&WGCNA
AT3G56980	AT1G47400	0.300715738881457	GENIE&WGCNA
AT4G36990	AT3G59530	0.300695144440471	GENIE&WGCNA
AT3G04670	AT1G70690	0.300581784090964	GENIE&WGCNA
AT2G35700	AT4G13940	0.300532177737483	GENIE&WGCNA
AT2G46400	AT1G08450	0.300466775156913	GENIE&WGCNA
AT3G04670	AT4G14750	0.300378894969665	GENIE&WGCNA
AT1G01250	AT3G52370	0.300330604887983	GENIE&WGCNA
AT3G46090	AT4G04500	0.300327807886465	GENIE&WGCNA
AT1G75540	AT3G11760	0.300258290528005	GENIE&WGCNA
AT2G42200	AT3G62630	0.300244219706735	GENIE&WGCNA
AT5G23280	AT1G76090	0.300221911302349	GENIE&WGCNA
